video_id,title,published_at,channel_title,published_day_of_week
YW1m2Z6MyTk,What’s the maximum number of completed products possible in a 10hr shift? Go!,2025-06-09 13:00:57+00:00,Google for Developers,Monday
zcdMZImwlNo,Hugging Face + Gemma  = 🪄,2025-06-07 01:08:55+00:00,Google for Developers,Saturday
MwJjFp6V8PE,“What announcement had you the most hyped?”,2025-06-06 16:45:02+00:00,Google for Developers,Friday
PvKEHPbZ4-Y,Hybrid LLMs: Utilizing Gemini and Gemma for edge AI applications,2025-06-04 20:00:16+00:00,Google for Developers,Wednesday
2YzXNLl1W0Y,Booking flights with Gemma running locally in the browser!,2025-06-04 16:09:56+00:00,Google for Developers,Wednesday
MUn6W73HffY,"You came for the keynotes, but stayed for the demos, the devs, and the snacks.",2025-06-04 04:00:20+00:00,Google for Developers,Wednesday
JMIenSHitQk,Join the Google Home APIs Developer Challenge,2025-06-03 04:00:31+00:00,Google for Developers,Tuesday
fXtKyxUKDpc,Join the Google Home APIs Developer Challenge,2025-06-02 22:58:57+00:00,Google for Developers,Monday
NQO78R6pyp8,What will this log and why? Go!,2025-06-02 13:00:42+00:00,Google for Developers,Monday
EysJTNLQVZw,AI-powered patient engagement - CareMessage and the Gemini API,2025-05-30 23:00:26+00:00,Google for Developers,Friday
